Order ID,Amount,Profit,Quantity,Category,Sub-Category,PaymentMode
25601,80,-56,4,Electronics,Electronic Games,UPI
25601,66,-12,5,Clothing,Stole,UPI
25601,1275,1148,7,Furniture,Bookcases,EMI
25601,8,-2,3,Clothing,Hankerchief,Credit Card
25602,2617,1151,4,Electronics,Phones,Credit Card
25602,561,212,3,Clothing,Saree,COD
25602,424,-272,5,Electronics,Phones,COD
25602,168,-111,2,Electronics,Phones,EMI
25602,119,-5,8,Clothing,Saree,Credit Card
25603,12,1,2,Clothing,Hankerchief,COD
25603,107,36,6,Clothing,Stole,COD
25603,116,16,4,Clothing,Stole,COD
25603,180,5,3,Clothing,Trousers,Debit Card
25603,193,-166,3,Clothing,Saree,EMI
25603,38,18,1,Clothing,Kurti,COD
25603,24,-30,1,Furniture,Chairs,COD
25603,1355,-60,5,Clothing,Trousers,COD
25604,65,17,2,Clothing,T-shirt,UPI
25604,157,5,9,Clothing,Saree,UPI
25605,75,0,7,Clothing,Saree,EMI
25606,87,4,2,Clothing,Shirt,COD
25607,50,-15,4,Clothing,Leggings,COD
25608,1364,1864,5,Furniture,Tables,Credit Card
25608,476,0,3,Furniture,Chairs,COD
25608,257,23,5,Clothing,Hankerchief,COD
25608,856,385,6,Electronics,Printers,COD
25609,485,29,4,Electronics,Electronic Games,COD
25609,249,-5,4,Clothing,Saree,COD
25610,43,0,3,Clothing,Saree,Debit Card
25610,68,-55,5,Electronics,Accessories,UPI
25610,107,-54,4,Clothing,Stole,EMI
25610,30,-5,2,Furniture,Furnishings,COD
25610,781,594,6,Electronics,Printers,Debit Card
25610,1076,-38,4,Electronics,Printers,COD
25611,160,-59,2,Clothing,Saree,EMI
25612,259,-55,2,Furniture,Chairs,COD
25613,1603,0,9,Clothing,Saree,Credit Card
25614,98,-12,2,Electronics,Electronic Games,Credit Card
25614,494,54,4,Furniture,Bookcases,COD
25615,68,20,5,Clothing,Hankerchief,Debit Card
25616,14,-2,3,Clothing,Hankerchief,UPI
25616,116,-56,5,Clothing,Stole,Credit Card
25616,42,12,5,Clothing,Hankerchief,COD
25616,22,-2,3,Clothing,Hankerchief,COD
25617,305,-270,5,Electronics,Electronic Games,Debit Card
25618,12,0,2,Clothing,Hankerchief,UPI
25618,362,127,1,Furniture,Bookcases,COD
25619,353,90,8,Clothing,Saree,COD
25620,193,46,1,Electronics,Printers,Credit Card
25621,333,-15,3,Electronics,Phones,COD
25621,233,-10,5,Electronics,Electronic Games,COD
25621,228,63,3,Electronics,Electronic Games,Credit Card
25622,534,0,3,Clothing,Saree,Debit Card
25623,149,-87,4,Clothing,Saree,COD
25623,105,20,2,Clothing,Stole,Debit Card
25623,158,69,3,Clothing,Stole,EMI
25623,53,1,4,Clothing,Stole,COD
25624,26,12,3,Clothing,Hankerchief,COD
25625,59,-30,3,Clothing,Leggings,Debit Card
25625,97,29,2,Clothing,Hankerchief,UPI
25625,635,-349,5,Clothing,Saree,Debit Card
25626,46,-14,1,Electronics,Phones,COD
25626,1103,276,3,Furniture,Chairs,EMI
25627,55,-39,4,Clothing,Stole,COD
25628,35,-8,2,Furniture,Furnishings,Debit Card
25628,219,-9,4,Clothing,Saree,Credit Card
25628,45,13,4,Clothing,Skirt,COD
25629,1560,421,3,Clothing,Trousers,COD
25630,34,-22,4,Clothing,T-shirt,COD
25630,133,12,5,Clothing,Stole,Debit Card
25630,114,-39,5,Clothing,Kurti,COD
25630,42,-26,2,Clothing,Kurti,COD
25630,40,-7,3,Clothing,Stole,COD
25630,143,-129,2,Electronics,Phones,COD
25631,89,-89,2,Furniture,Furnishings,COD
25632,19,-2,2,Clothing,Leggings,Debit Card
25633,496,-79,2,Clothing,Trousers,COD
25633,711,-8,4,Clothing,Saree,Debit Card
25633,249,-130,4,Electronics,Phones,UPI
25634,389,-83,3,Furniture,Chairs,UPI
25635,40,16,3,Clothing,Hankerchief,Debit Card
25635,382,30,3,Clothing,Saree,Credit Card
25635,23,2,2,Clothing,Skirt,UPI
25636,637,113,5,Clothing,Saree,UPI
25637,117,14,3,Clothing,Shirt,UPI
25638,182,-11,3,Furniture,Bookcases,Credit Card
25638,154,39,3,Clothing,Hankerchief,COD
25638,816,-96,3,Electronics,Printers,Debit Card
25638,880,97,8,Furniture,Furnishings,Debit Card
25639,1629,-153,3,Electronics,Phones,COD
25640,1499,239,13,Clothing,Saree,Credit Card
25640,68,-62,2,Clothing,Trousers,Debit Card
25640,122,-47,4,Clothing,Saree,EMI
25641,22,-6,1,Furniture,Furnishings,COD
25642,434,26,11,Clothing,Shirt,Credit Card
25643,50,-44,2,Clothing,Hankerchief,UPI
25643,1061,-36,8,Furniture,Bookcases,EMI
25643,37,-23,4,Clothing,Shirt,UPI
25643,263,-63,2,Electronics,Electronic Games,Debit Card
25643,36,-7,1,Electronics,Electronic Games,COD
25644,76,-92,8,Furniture,Furnishings,COD
25645,273,-87,4,Electronics,Phones,COD
25645,86,0,4,Clothing,T-shirt,Debit Card
25645,133,-42,1,Electronics,Printers,UPI
25645,183,-66,5,Electronics,Phones,UPI
25646,299,-8,2,Clothing,Saree,COD
25647,42,-6,4,Clothing,Saree,UPI
25648,30,13,1,Clothing,T-shirt,UPI
25648,100,-23,1,Electronics,Phones,COD
25648,130,-41,4,Clothing,Saree,EMI
25648,55,-26,4,Clothing,Saree,UPI
25649,27,-25,2,Clothing,Stole,COD
25650,512,-225,5,Clothing,Saree,COD
25650,351,-47,8,Electronics,Phones,COD
25650,238,20,2,Clothing,Saree,COD
25650,269,111,3,Clothing,Trousers,EMI
25650,211,-105,2,Clothing,Saree,Credit Card
25650,245,-78,2,Electronics,Printers,UPI
25650,31,-2,2,Clothing,Saree,Credit Card
25650,28,-26,2,Clothing,Stole,UPI
25650,925,-447,5,Electronics,Electronic Games,COD
25651,823,-18,7,Furniture,Chairs,COD
25651,457,-41,4,Clothing,Saree,COD
25651,7,0,1,Clothing,Leggings,COD
25651,159,4,1,Clothing,Saree,COD
25651,172,-103,3,Furniture,Chairs,EMI
25651,44,-8,3,Clothing,Stole,UPI
25651,200,-60,4,Furniture,Bookcases,UPI
25651,49,3,1,Clothing,Shirt,COD
25651,16,-10,2,Clothing,T-shirt,COD
25651,11,-4,2,Clothing,Skirt,COD
25652,206,-206,3,Clothing,Saree,COD
25652,174,-70,3,Electronics,Accessories,COD
25652,34,-6,4,Clothing,Leggings,COD
25652,21,-13,3,Clothing,Leggings,UPI
25652,24,-21,7,Clothing,Skirt,COD
25652,25,-2,5,Clothing,Hankerchief,UPI
25652,9,-6,2,Clothing,Hankerchief,COD
25653,1279,-640,8,Electronics,Printers,EMI
25653,668,-31,3,Electronics,Printers,Credit Card
25653,427,-50,7,Electronics,Phones,COD
25653,195,-117,5,Electronics,Phones,COD
25653,115,25,1,Electronics,Accessories,COD
25653,168,-10,3,Electronics,Accessories,UPI
25653,227,102,8,Electronics,Accessories,Debit Card
25653,28,-3,2,Clothing,Saree,UPI
25653,1327,318,8,Furniture,Chairs,EMI
25654,450,-90,3,Electronics,Printers,COD
25654,269,-86,2,Electronics,Electronic Games,EMI
25654,229,-23,2,Clothing,Saree,UPI
25654,122,-21,3,Furniture,Furnishings,UPI
25654,105,46,2,Clothing,Stole,UPI
25654,121,-17,3,Furniture,Furnishings,Credit Card
25654,54,-3,3,Clothing,Saree,COD
25654,34,12,3,Clothing,Hankerchief,Credit Card
25655,6,-3,1,Clothing,Hankerchief,UPI
25655,74,-123,8,Clothing,Skirt,UPI
25655,312,-312,7,Furniture,Chairs,COD
25655,44,-26,3,Clothing,Hankerchief,Debit Card
25655,396,-31,9,Clothing,Saree,COD
25655,110,-68,4,Clothing,Saree,EMI
25655,97,-62,2,Clothing,Trousers,COD
25655,9,-6,2,Clothing,Skirt,Credit Card
25655,7,-4,3,Clothing,Hankerchief,COD
25656,24,-1,2,Clothing,Hankerchief,COD
25656,6,3,1,Clothing,Hankerchief,COD
25656,30,-5,5,Clothing,Stole,UPI
25656,406,126,2,Clothing,Saree,COD
25656,56,18,2,Clothing,Hankerchief,Debit Card
25656,101,18,9,Clothing,Skirt,COD
25656,61,-23,2,Clothing,Saree,COD
25656,534,0,3,Clothing,Saree,Debit Card
25656,624,37,2,Electronics,Electronic Games,Debit Card
25656,651,169,5,Electronics,Printers,COD
25656,13,-1,3,Clothing,Hankerchief,COD
25656,1389,680,7,Clothing,Saree,COD
25657,1021,-48,4,Electronics,Electronic Games,EMI
25657,32,-22,5,Clothing,Saree,UPI
25657,288,-180,4,Furniture,Chairs,COD
25657,332,-43,6,Electronics,Phones,UPI
25658,27,9,2,Clothing,T-shirt,UPI
25659,148,72,7,Clothing,T-shirt,Debit Card
25660,245,-78,3,Clothing,Saree,COD
25661,55,-33,2,Furniture,Chairs,Debit Card
25661,58,-42,2,Furniture,Chairs,Debit Card
25661,145,-104,5,Furniture,Chairs,UPI
25661,224,-81,3,Furniture,Chairs,COD
25661,19,-15,3,Clothing,Hankerchief,Credit Card
25661,7,-1,2,Clothing,Hankerchief,Credit Card
25662,24,-2,2,Clothing,T-shirt,COD
25662,385,-77,11,Furniture,Furnishings,UPI
25662,86,-21,1,Electronics,Electronic Games,UPI
25663,294,138,2,Electronics,Printers,Debit Card
25664,444,-200,4,Electronics,Phones,EMI
25664,83,-48,1,Furniture,Bookcases,UPI
25664,258,-27,2,Electronics,Phones,Debit Card
25664,785,52,2,Electronics,Phones,Debit Card
25665,166,-113,4,Electronics,Accessories,EMI
25666,934,-916,7,Electronics,Electronic Games,COD
25667,11,-2,4,Clothing,Hankerchief,COD
25667,344,-34,3,Clothing,Saree,Debit Card
25667,41,6,5,Clothing,Skirt,Credit Card
25667,516,69,4,Furniture,Bookcases,UPI
25667,1030,206,8,Electronics,Printers,UPI
25668,123,17,3,Furniture,Furnishings,COD
25669,610,-66,2,Furniture,Tables,COD
25670,24,1,2,Clothing,Hankerchief,UPI
25670,656,-36,2,Furniture,Bookcases,Credit Card
25670,74,29,3,Clothing,Stole,COD
25670,14,2,1,Clothing,Hankerchief,COD
25671,832,0,3,Clothing,Trousers,UPI
25672,27,-15,1,Clothing,Stole,UPI
25673,143,-124,5,Clothing,Saree,UPI
25673,37,-5,3,Clothing,T-shirt,Debit Card
25673,45,-2,4,Clothing,Shirt,COD
25673,149,-1,1,Clothing,Saree,COD
25673,44,-17,5,Clothing,Saree,UPI
25674,17,-12,5,Clothing,Skirt,Debit Card
25675,929,-93,9,Clothing,Saree,COD
25676,674,-187,2,Furniture,Tables,COD
25676,342,-103,4,Electronics,Electronic Games,COD
25676,79,36,4,Clothing,Shirt,COD
25676,32,6,3,Clothing,Shirt,COD
25676,1263,-56,5,Clothing,Trousers,EMI
25677,20,-2,1,Electronics,Accessories,UPI
25678,27,-25,2,Clothing,Shirt,Debit Card
25678,327,-39,1,Electronics,Phones,COD
25678,64,-7,3,Clothing,Saree,COD
25678,7,-3,2,Clothing,Skirt,UPI
25679,76,-50,1,Clothing,Saree,COD
25680,73,-25,3,Clothing,Saree,COD
25681,1096,658,7,Electronics,Electronic Games,COD
25681,1625,-77,3,Electronics,Phones,EMI
25681,523,204,7,Clothing,Trousers,COD
25681,44,-3,1,Clothing,Saree,Debit Card
25681,243,-14,2,Furniture,Chairs,COD
25681,68,-27,3,Electronics,Accessories,UPI
25682,545,-73,11,Electronics,Phones,COD
25683,86,-55,6,Clothing,Saree,COD
25683,155,56,3,Furniture,Furnishings,EMI
25683,245,-3,4,Electronics,Phones,UPI
25683,433,26,3,Electronics,Printers,Debit Card
25683,148,52,5,Clothing,Stole,UPI
25684,134,42,2,Furniture,Chairs,COD
25685,264,-30,3,Furniture,Furnishings,Debit Card
25685,45,-2,4,Clothing,Shirt,COD
25685,51,7,2,Furniture,Furnishings,UPI
25685,529,137,3,Electronics,Phones,Debit Card
25686,1829,-56,6,Furniture,Tables,Credit Card
25686,381,-13,2,Clothing,Saree,COD
25686,332,503,3,Electronics,Printers,COD
25687,387,-213,5,Clothing,Saree,UPI
25687,17,6,1,Clothing,Stole,UPI
25687,357,139,2,Clothing,Saree,Debit Card
25687,51,21,3,Clothing,T-shirt,COD
25687,14,-1,4,Clothing,Kurti,COD
25688,352,-345,5,Clothing,Saree,Credit Card
25689,469,-459,3,Electronics,Electronic Games,COD
25689,97,17,2,Clothing,Stole,Credit Card
25689,149,136,3,Clothing,Stole,UPI
25690,31,-10,3,Clothing,Skirt,COD
25691,714,56,4,Clothing,Saree,COD
25691,75,-25,3,Clothing,Stole,UPI
25691,17,-9,3,Clothing,Stole,COD
25692,141,28,7,Furniture,Furnishings,UPI
25693,76,-72,9,Clothing,Hankerchief,COD
25693,632,316,6,Clothing,Saree,COD
25693,32,-16,6,Clothing,Saree,UPI
25693,68,-30,1,Electronics,Phones,UPI
25693,72,-49,1,Electronics,Phones,COD
25693,82,-39,5,Clothing,T-shirt,EMI
25693,13,-13,2,Clothing,Skirt,COD
25694,167,43,7,Clothing,T-shirt,EMI
25695,171,14,9,Clothing,Shirt,Debit Card
25696,275,-275,4,Clothing,Saree,COD
25696,44,99,3,Clothing,Kurti,Debit Card
25696,117,-6,3,Electronics,Phones,COD
25696,116,-4,1,Clothing,Saree,COD
25696,168,-9,3,Clothing,Saree,COD
25696,887,80,3,Electronics,Printers,UPI
25697,1300,-16,8,Electronics,Printers,Credit Card
25697,115,-39,3,Clothing,Trousers,COD
25697,114,8,3,Electronics,Accessories,Debit Card
25697,73,-7,1,Electronics,Phones,COD
25697,67,-42,3,Clothing,Stole,COD
25697,322,193,5,Electronics,Printers,COD
25697,4,-3,1,Clothing,Skirt,Credit Card
25698,516,392,8,Furniture,Chairs,COD
25698,65,-16,2,Electronics,Phones,Debit Card
25698,207,153,3,Clothing,Saree,Credit Card
25698,87,-83,5,Clothing,Kurti,COD
25698,27,-6,4,Clothing,Hankerchief,COD
25698,7,-2,1,Clothing,Hankerchief,COD
25699,49,-31,2,Clothing,Stole,UPI
25699,20,-22,1,Furniture,Furnishings,UPI
25699,34,-13,5,Clothing,Leggings,COD
25699,21,-5,1,Electronics,Accessories,COD
25700,44,-32,3,Clothing,Stole,Debit Card
25700,129,-75,5,Clothing,Shirt,Debit Card
25700,7,-3,2,Clothing,Hankerchief,COD
25701,98,-45,2,Furniture,Chairs,UPI
25701,33,-29,3,Clothing,Shirt,UPI
25701,10,-8,2,Clothing,Skirt,COD
25701,33,-12,5,Clothing,Hankerchief,COD
25702,75,0,3,Clothing,Shirt,EMI
25702,306,-147,3,Clothing,Saree,Debit Card
25702,424,-17,9,Furniture,Chairs,Debit Card
25702,31,-3,4,Clothing,Saree,COD
25702,941,203,3,Furniture,Tables,UPI
25703,231,-190,9,Clothing,Hankerchief,COD
25703,97,-45,4,Clothing,Saree,COD
25703,32,-5,5,Clothing,Hankerchief,UPI
25703,47,-27,4,Clothing,Saree,COD
25703,42,-23,2,Furniture,Furnishings,UPI
25703,186,241,9,Clothing,Shirt,Credit Card
25703,17,-3,2,Clothing,Stole,UPI
25703,22,-15,4,Clothing,Kurti,COD
25704,126,-63,3,Electronics,Accessories,UPI
25704,102,0,3,Electronics,Phones,COD
25705,46,0,2,Electronics,Electronic Games,COD
25706,31,-11,4,Clothing,Stole,COD
25707,8,-6,1,Clothing,Stole,COD
25708,709,-100,5,Electronics,Phones,COD
25708,191,13,8,Furniture,Furnishings,COD
25708,32,-8,2,Clothing,Stole,COD
25708,81,-51,7,Clothing,Stole,EMI
25709,33,-12,7,Clothing,Saree,UPI
25709,41,-6,1,Furniture,Chairs,Credit Card
25710,10,-1,1,Clothing,Leggings,UPI
25710,216,-38,6,Furniture,Furnishings,UPI
25710,25,0,4,Clothing,Skirt,UPI
25710,53,-18,4,Clothing,T-shirt,UPI
25710,616,-69,7,Furniture,Furnishings,Debit Card
25710,13,-8,1,Clothing,T-shirt,COD
25711,100,-58,4,Clothing,Hankerchief,COD
25712,193,-275,3,Electronics,Phones,Credit Card
25713,158,-63,4,Furniture,Chairs,UPI
25714,11,-5,2,Clothing,Hankerchief,COD
25714,340,20,7,Clothing,Shirt,Credit Card
25715,416,137,3,Electronics,Phones,Debit Card
25716,58,0,4,Clothing,Saree,UPI
25717,561,212,3,Clothing,Saree,Credit Card
25717,138,-3,5,Clothing,Saree,COD
25717,90,17,3,Clothing,Shirt,COD
25717,55,-33,2,Furniture,Chairs,COD
25718,371,115,1,Furniture,Bookcases,Debit Card
25718,460,31,3,Furniture,Bookcases,Debit Card
25719,29,10,2,Clothing,Stole,COD
25720,30,-35,1,Furniture,Chairs,COD
25721,149,-40,2,Electronics,Phones,COD
25721,29,-18,7,Clothing,Skirt,UPI
25721,191,51,5,Clothing,Shirt,UPI
25722,48,-8,8,Clothing,Stole,COD
25723,12,-7,2,Clothing,Leggings,UPI
25723,76,-54,3,Electronics,Electronic Games,COD
25723,26,-24,1,Clothing,Stole,COD
25723,16,-12,2,Clothing,Stole,UPI
25724,168,-51,2,Furniture,Bookcases,COD
25725,144,-7,4,Electronics,Electronic Games,COD
25725,26,-5,2,Clothing,Stole,UPI
25725,23,-5,7,Clothing,Hankerchief,Credit Card
25726,490,-128,8,Furniture,Bookcases,UPI
25727,327,114,4,Clothing,Trousers,COD
25727,57,-48,6,Clothing,Leggings,Debit Card
25728,1055,264,4,Electronics,Printers,EMI
25728,771,-424,2,Electronics,Phones,Credit Card
25728,322,-113,4,Clothing,Saree,Credit Card
25729,1549,-439,4,Electronics,Phones,Credit Card
25730,1145,-706,3,Electronics,Phones,Credit Card
25730,18,8,2,Clothing,Hankerchief,Debit Card
25730,473,42,4,Furniture,Chairs,COD
25730,187,30,4,Electronics,Accessories,Credit Card
25730,83,-81,3,Furniture,Chairs,COD
25730,96,22,5,Clothing,Stole,Credit Card
25731,131,-154,8,Furniture,Furnishings,COD
25732,16,-5,2,Clothing,Stole,UPI
25733,43,-43,7,Clothing,Stole,Debit Card
25733,30,-10,2,Clothing,Stole,COD
25733,23,-6,4,Clothing,Hankerchief,COD
25734,108,-19,3,Electronics,Electronic Games,UPI
25735,7,-1,2,Clothing,Skirt,UPI
25735,12,-2,3,Clothing,Hankerchief,COD
25735,15,-7,1,Clothing,Hankerchief,UPI
25736,31,-7,5,Clothing,Skirt,UPI
25737,187,-15,3,Clothing,Trousers,COD
25738,70,-14,2,Furniture,Furnishings,UPI
25738,72,-6,3,Clothing,Saree,UPI
25738,148,-91,2,Electronics,Phones,COD
25738,1069,0,6,Clothing,Saree,EMI
25739,133,-56,2,Furniture,Chairs,COD
25740,58,-8,2,Clothing,Saree,COD
25740,40,-37,3,Clothing,Stole,COD
25740,7,0,2,Clothing,Skirt,COD
25741,482,-6,7,Electronics,Electronic Games,EMI
25742,11,-8,2,Clothing,Skirt,UPI
25743,503,-56,2,Clothing,Trousers,COD
25743,99,-5,1,Clothing,Saree,UPI
25743,143,-124,5,Clothing,Saree,UPI
25743,56,0,4,Clothing,Hankerchief,COD
25743,74,-51,3,Clothing,Stole,UPI
25744,373,254,6,Electronics,Printers,UPI
25745,296,225,11,Clothing,Saree,COD
25745,132,-79,5,Furniture,Furnishings,COD
25745,44,-8,3,Clothing,Stole,Credit Card
25745,670,15,5,Furniture,Bookcases,Debit Card
25746,87,16,2,Clothing,Saree,UPI
25747,877,395,2,Furniture,Bookcases,Credit Card
25748,47,-21,2,Electronics,Electronic Games,COD
25748,224,58,3,Electronics,Phones,UPI
25748,141,10,4,Clothing,Shirt,UPI
25748,8,-1,2,Clothing,Leggings,COD
25749,1052,-82,3,Furniture,Bookcases,UPI
25750,19,-1,1,Clothing,Shirt,Debit Card
25750,208,-25,2,Clothing,Saree,COD
25750,212,-24,2,Furniture,Chairs,COD
25750,199,-18,2,Clothing,Saree,COD
25750,78,-6,2,Furniture,Furnishings,UPI
25750,73,-31,1,Furniture,Bookcases,COD
25750,42,-15,12,Clothing,Skirt,UPI
25750,22,-12,3,Clothing,Stole,COD
25750,539,-146,7,Furniture,Furnishings,Debit Card
25751,32,7,3,Clothing,Hankerchief,COD
25751,221,-15,2,Electronics,Electronic Games,COD
25751,10,-8,1,Clothing,Kurti,UPI
25751,106,0,2,Electronics,Phones,EMI
25751,65,-4,6,Clothing,Hankerchief,COD
25751,43,-5,2,Clothing,Saree,COD
25751,43,21,3,Clothing,Shirt,COD
25751,534,5,2,Electronics,Electronic Games,Debit Card
25751,68,-56,2,Electronics,Phones,COD
25751,14,-3,2,Clothing,Leggings,COD
25752,761,266,9,Electronics,Electronic Games,COD
25752,735,-235,6,Electronics,Printers,COD
25752,76,27,5,Clothing,Stole,COD
25752,91,15,6,Clothing,T-shirt,UPI
25752,33,-27,1,Furniture,Chairs,Credit Card
25752,1361,197,9,Furniture,Bookcases,COD
25752,8,-2,2,Clothing,Hankerchief,COD
25753,341,-85,6,Clothing,Trousers,Credit Card
25753,154,22,7,Clothing,T-shirt,COD
25753,65,-52,3,Electronics,Accessories,COD
25753,47,-114,5,Furniture,Furnishings,COD
25753,62,-56,5,Clothing,Kurti,COD
25753,77,-43,8,Clothing,Stole,COD
25753,27,-20,2,Clothing,Hankerchief,COD
25753,107,31,5,Clothing,T-shirt,COD
25753,620,82,6,Electronics,Accessories,COD
25754,9,-1,3,Clothing,Skirt,UPI
25754,72,-46,7,Clothing,Kurti,Debit Card
25754,19,0,3,Clothing,Skirt,UPI
25754,41,-14,5,Clothing,Leggings,UPI
25754,93,-65,4,Clothing,Stole,Credit Card
25754,262,215,2,Electronics,Printers,Debit Card
25754,319,312,5,Clothing,Saree,Debit Card
25754,30,-23,2,Clothing,Saree,UPI
25755,1709,564,3,Clothing,Trousers,Credit Card
25755,134,-34,2,Furniture,Chairs,COD
25755,47,-3,2,Clothing,Stole,UPI
25755,257,-3,2,Furniture,Bookcases,UPI
25755,80,-19,5,Clothing,Stole,UPI
25755,26,4,2,Clothing,Saree,UPI
25755,37,-53,3,Clothing,Saree,Credit Card
25755,593,213,4,Furniture,Bookcases,Debit Card
25755,321,315,5,Clothing,Saree,UPI
25756,729,-492,5,Furniture,Bookcases,UPI
25756,465,-33,4,Electronics,Phones,EMI
25756,204,276,3,Furniture,Bookcases,COD
25756,29,-24,4,Clothing,Leggings,COD
25756,643,-45,2,Electronics,Printers,Debit Card
25757,17,-13,4,Clothing,Skirt,Debit Card
25757,46,14,5,Clothing,Skirt,Debit Card
25757,211,19,8,Clothing,Stole,COD
25757,165,30,3,Clothing,Stole,COD
25757,34,-11,5,Clothing,T-shirt,COD
25757,98,9,2,Furniture,Furnishings,COD
25757,106,15,7,Clothing,Hankerchief,Credit Card
25757,53,15,2,Clothing,Stole,COD
25757,14,5,1,Clothing,Hankerchief,COD
25757,17,7,3,Clothing,Hankerchief,UPI
25757,3151,-35,7,Clothing,Trousers,EMI
25758,8,-2,1,Clothing,Stole,COD
25759,20,-9,6,Clothing,Hankerchief,Debit Card
25760,322,-193,5,Electronics,Printers,UPI
25761,2188,1050,5,Furniture,Bookcases,Credit Card
25761,418,70,7,Electronics,Phones,COD
25761,102,-90,1,Clothing,Saree,COD
25761,263,-31,9,Electronics,Electronic Games,Debit Card
25761,328,-15,3,Electronics,Electronic Games,Debit Card
25761,40,0,3,Clothing,Saree,Credit Card
25762,1316,527,7,Electronics,Electronic Games,Credit Card
25762,98,-5,2,Clothing,Saree,UPI
25762,27,4,3,Clothing,Skirt,COD
25763,58,-52,3,Furniture,Chairs,COD
25764,26,0,2,Clothing,Kurti,COD
25764,349,-24,2,Clothing,Saree,Debit Card
25764,765,-153,2,Electronics,Phones,Debit Card
25764,119,43,5,Clothing,T-shirt,COD
25765,139,14,3,Clothing,Stole,COD
25766,220,-19,2,Clothing,Saree,Debit Card
25767,299,-28,3,Electronics,Electronic Games,UPI
25767,74,-59,2,Electronics,Accessories,Debit Card
25767,48,-22,2,Clothing,Saree,EMI
25767,29,-3,3,Clothing,Saree,COD
25767,9,-9,2,Clothing,Kurti,COD
25768,1582,-443,6,Clothing,Trousers,EMI
25769,355,-4,2,Clothing,Saree,Debit Card
25770,299,113,2,Furniture,Bookcases,COD
25770,375,180,3,Furniture,Bookcases,Credit Card
25770,110,35,1,Furniture,Furnishings,COD
25770,287,-280,12,Furniture,Chairs,UPI
25771,148,59,3,Clothing,Hankerchief,COD
25772,1183,106,4,Electronics,Printers,EMI
25773,224,-143,3,Furniture,Chairs,COD
25773,248,-70,3,Furniture,Chairs,Credit Card
25773,437,-14,2,Clothing,Saree,UPI
25773,85,-9,4,Clothing,Saree,COD
25773,209,-21,2,Electronics,Electronic Games,UPI
25774,38,-6,2,Furniture,Furnishings,UPI
25775,50,-17,2,Clothing,Stole,COD
25776,47,-20,2,Clothing,Kurti,Debit Card
25777,1076,-38,4,Electronics,Printers,Credit Card
25777,59,-46,7,Clothing,T-shirt,UPI
25777,117,17,6,Clothing,Kurti,COD
25777,61,-25,4,Electronics,Accessories,UPI
25777,69,-67,4,Clothing,Kurti,UPI
25778,1506,-266,6,Electronics,Printers,Credit Card
25778,933,166,5,Clothing,Saree,Credit Card
25778,109,-6,6,Clothing,Saree,COD
25778,724,-447,4,Electronics,Electronic Games,UPI
25779,1361,980,3,Furniture,Tables,COD
25780,137,-41,3,Electronics,Phones,Debit Card
25781,45,-28,2,Clothing,Stole,Debit Card
25781,25,-1,4,Clothing,Kurti,COD
25781,60,-49,8,Clothing,Hankerchief,COD
25781,30,-25,2,Clothing,T-shirt,COD
25781,584,-444,7,Electronics,Printers,UPI
25781,767,-353,5,Clothing,Trousers,COD
25782,335,-22,7,Furniture,Chairs,UPI
25783,33,-10,6,Clothing,Leggings,UPI
25783,25,-11,1,Clothing,Stole,UPI
25783,26,2,2,Clothing,Hankerchief,COD
25783,30,-6,2,Clothing,Hankerchief,UPI
25783,21,-17,3,Clothing,Shirt,COD
25784,15,4,1,Clothing,Hankerchief,Debit Card
25785,595,292,3,Clothing,Saree,COD
25785,192,-146,3,Clothing,Saree,COD
25785,268,-25,3,Clothing,Saree,COD
25785,45,0,2,Clothing,T-shirt,COD
25786,1854,433,5,Furniture,Bookcases,Credit Card
25786,623,-192,3,Furniture,Tables,UPI
25786,44,-34,3,Clothing,Stole,Credit Card
25786,17,-11,3,Clothing,Skirt,UPI
25787,556,-209,7,Clothing,Saree,COD
25787,40,-12,3,Clothing,Shirt,COD
25787,140,-58,4,Furniture,Furnishings,COD
25787,229,-41,8,Electronics,Accessories,COD
25788,12,3,1,Clothing,Stole,UPI
25789,67,-86,9,Furniture,Furnishings,COD
25789,313,-13,5,Furniture,Bookcases,UPI
25789,30,0,1,Clothing,Kurti,COD
25790,42,-3,1,Electronics,Electronic Games,COD
25791,565,66,7,Clothing,Saree,Credit Card
25791,253,-63,2,Clothing,Saree,UPI
25791,175,77,3,Clothing,Saree,COD
25792,74,-25,3,Clothing,Stole,COD
25793,60,-12,4,Clothing,Hankerchief,Debit Card
25793,257,-252,4,Clothing,Saree,Debit Card
25793,63,-24,6,Clothing,Kurti,COD
25793,40,-33,5,Clothing,Hankerchief,Credit Card
25793,24,-1,4,Clothing,Skirt,Credit Card
25793,18,1,3,Clothing,Hankerchief,COD
25793,1402,109,11,Clothing,Saree,EMI
25794,176,37,6,Electronics,Accessories,COD
25795,276,-21,2,Electronics,Phones,EMI
25796,632,-316,6,Clothing,Saree,COD
25796,239,-162,5,Furniture,Chairs,COD
25796,148,0,3,Clothing,Saree,COD
25796,37,-6,1,Clothing,Saree,UPI
25796,78,-64,7,Clothing,Stole,EMI
25796,559,-19,2,Clothing,Trousers,Debit Card
25796,28,1,1,Electronics,Accessories,UPI
25797,1630,802,5,Furniture,Tables,EMI
25797,413,-314,9,Furniture,Chairs,COD
25797,31,1,2,Clothing,Hankerchief,UPI
25797,148,-101,2,Furniture,Bookcases,UPI
25797,89,-4,5,Clothing,Saree,Credit Card
25797,976,293,4,Electronics,Accessories,COD
25798,448,148,2,Electronics,Printers,COD
25798,61,-50,4,Clothing,Hankerchief,COD
25798,47,-3,2,Clothing,Stole,COD
25798,379,63,2,Clothing,Saree,COD
25798,38,-13,3,Clothing,Stole,Credit Card
25798,2830,-1981,13,Furniture,Bookcases,EMI
25799,45,-15,2,Furniture,Chairs,COD
25799,205,-119,3,Clothing,Saree,Debit Card
25799,70,-64,5,Clothing,Stole,UPI
25799,47,-27,4,Clothing,Saree,EMI
25800,45,12,7,Clothing,Hankerchief,UPI
25800,122,-66,9,Electronics,Accessories,COD
25800,21,-6,3,Clothing,Leggings,COD
25801,15,-2,1,Clothing,T-shirt,Debit Card
25801,21,-10,4,Clothing,Leggings,COD
25801,64,6,4,Clothing,Saree,COD
25801,49,-31,2,Clothing,Stole,COD
25802,25,-7,5,Clothing,Saree,UPI
25802,95,5,2,Clothing,Stole,COD
25802,633,-633,11,Electronics,Accessories,UPI
25802,23,-3,1,Clothing,Shirt,COD
25802,13,-9,2,Clothing,Skirt,COD
25803,765,8,6,Clothing,Saree,EMI
25803,757,371,2,Electronics,Printers,Credit Card
25803,536,91,1,Clothing,Trousers,COD
25803,269,91,1,Electronics,Electronic Games,COD
25803,137,5,5,Clothing,Shirt,COD
25803,185,48,4,Clothing,Stole,Credit Card
25803,106,12,3,Clothing,Trousers,Credit Card
25803,511,194,3,Furniture,Chairs,UPI
25804,156,36,5,Clothing,T-shirt,EMI
25804,321,26,3,Electronics,Printers,Debit Card
25805,112,15,2,Furniture,Chairs,COD
25806,632,-114,4,Furniture,Tables,UPI
25807,16,6,1,Clothing,Stole,COD
25808,63,-17,6,Clothing,Leggings,COD
25808,210,-50,4,Clothing,Hankerchief,Credit Card
25808,146,-63,3,Electronics,Electronic Games,Debit Card
25808,59,21,2,Clothing,Stole,UPI
25809,53,24,1,Clothing,Hankerchief,Debit Card
25809,154,54,3,Clothing,Hankerchief,COD
25810,1120,199,6,Clothing,Saree,EMI
25810,29,8,5,Clothing,Hankerchief,UPI
25810,307,74,3,Electronics,Accessories,EMI
25810,92,42,2,Clothing,Stole,COD
25810,45,6,3,Clothing,Shirt,COD
25810,26,10,4,Clothing,Hankerchief,UPI
25811,126,52,4,Clothing,Hankerchief,UPI
25812,259,47,5,Clothing,Hankerchief,UPI
25813,911,202,7,Furniture,Chairs,COD
25814,118,35,7,Clothing,T-shirt,EMI
25814,462,169,4,Clothing,Saree,COD
25815,35,14,2,Clothing,Stole,Credit Card
25816,391,113,8,Clothing,Stole,COD
25817,743,89,5,Electronics,Printers,UPI
25818,32,11,2,Clothing,Leggings,UPI
25818,36,0,4,Clothing,Kurti,COD
25818,28,14,4,Clothing,Hankerchief,COD
25818,75,28,9,Clothing,Hankerchief,UPI
25818,94,20,2,Furniture,Furnishings,UPI
25819,417,49,3,Electronics,Electronic Games,COD
25820,119,1,1,Furniture,Chairs,COD
25821,17,0,1,Clothing,Hankerchief,COD
25821,125,0,3,Electronics,Accessories,COD
25821,60,21,4,Clothing,Stole,COD
25822,34,13,2,Clothing,Saree,COD
25823,59,6,1,Electronics,Accessories,UPI
25823,103,50,2,Furniture,Furnishings,UPI
25823,104,2,2,Furniture,Furnishings,COD
25823,2103,322,8,Electronics,Electronic Games,UPI
25824,101,38,2,Furniture,Furnishings,COD
25825,140,6,5,Clothing,Saree,COD
25825,115,25,6,Clothing,Stole,COD
25825,911,355,5,Electronics,Phones,Debit Card
25826,637,261,2,Electronics,Printers,COD
25827,156,21,3,Furniture,Chairs,COD
25828,537,107,3,Clothing,Saree,COD
25828,222,35,5,Clothing,Saree,Credit Card
25828,128,-3,3,Clothing,Saree,Debit Card
25828,15,2,1,Clothing,Leggings,COD
25829,345,38,7,Clothing,Hankerchief,Debit Card
25830,1954,782,3,Electronics,Phones,Credit Card
25830,93,15,2,Electronics,Accessories,COD
25830,71,0,8,Clothing,Skirt,COD
25830,54,1,2,Clothing,Saree,UPI
25830,41,11,6,Clothing,Hankerchief,COD
25830,1063,64,7,Electronics,Phones,EMI
25831,693,254,6,Clothing,Saree,COD
25832,504,116,3,Furniture,Bookcases,COD
25833,64,27,5,Clothing,Hankerchief,UPI
25833,45,16,3,Clothing,Stole,COD
25833,36,4,9,Clothing,Hankerchief,COD
25834,16,5,1,Clothing,Stole,UPI
25835,52,11,5,Clothing,Leggings,COD
25835,27,2,2,Clothing,Leggings,UPI
25835,155,26,3,Clothing,Stole,EMI
25836,1298,65,9,Electronics,Printers,EMI
25837,263,50,5,Clothing,Stole,COD
25838,161,40,3,Clothing,Stole,COD
25838,81,19,7,Clothing,Hankerchief,COD
25838,70,26,5,Clothing,Hankerchief,COD
25838,955,305,3,Electronics,Printers,Debit Card
25839,1250,486,7,Clothing,Saree,EMI
25840,298,74,2,Furniture,Bookcases,COD
25840,262,64,6,Clothing,Saree,EMI
25840,246,61,2,Furniture,Bookcases,Credit Card
25841,22,11,2,Clothing,Skirt,Credit Card
25842,1543,370,8,Electronics,Printers,Credit Card
25843,18,6,3,Clothing,Hankerchief,UPI
25843,45,0,2,Clothing,Stole,UPI
25843,214,30,3,Electronics,Accessories,COD
25843,50,7,6,Clothing,Skirt,COD
25843,255,74,5,Clothing,Hankerchief,COD
25844,86,8,2,Clothing,Saree,Debit Card
25845,82,-33,4,Clothing,Kurti,COD
25845,757,371,2,Electronics,Printers,Credit Card
25845,274,-7,4,Electronics,Phones,COD
25845,132,54,5,Clothing,Stole,COD
25846,94,7,7,Clothing,Leggings,UPI
25847,643,225,2,Electronics,Printers,COD
25847,264,71,10,Furniture,Furnishings,Debit Card
25848,648,50,6,Electronics,Electronic Games,Credit Card
25848,147,21,3,Furniture,Furnishings,Debit Card
25848,16,8,2,Clothing,Hankerchief,COD
25849,336,123,3,Electronics,Phones,UPI
25850,916,192,11,Electronics,Phones,COD
25850,93,-1,2,Clothing,Hankerchief,COD
25850,24,1,4,Clothing,Hankerchief,COD
25850,485,199,4,Clothing,Saree,EMI
25850,45,1,3,Clothing,T-shirt,Debit Card
25850,148,24,3,Clothing,Stole,COD
25850,52,18,5,Clothing,Leggings,Debit Card
25850,117,36,2,Clothing,Trousers,Debit Card
25850,513,215,2,Electronics,Accessories,COD
25851,135,-54,5,Clothing,Kurti,COD
25851,336,71,3,Furniture,Bookcases,COD
25851,90,29,5,Clothing,T-shirt,COD
25851,62,1,3,Clothing,Saree,COD
25851,57,27,2,Clothing,T-shirt,COD
25851,237,47,9,Clothing,T-shirt,UPI
25851,300,42,2,Electronics,Printers,COD
25851,53,24,6,Clothing,Hankerchief,EMI
25851,103,46,2,Clothing,Saree,UPI
25851,10,2,2,Clothing,Hankerchief,COD
25852,869,67,4,Furniture,Tables,COD
25852,24,1,2,Clothing,Hankerchief,COD
25852,105,-33,5,Clothing,Kurti,COD
25852,97,17,2,Clothing,Stole,Credit Card
25852,45,12,4,Clothing,Hankerchief,COD
25852,320,144,1,Electronics,Printers,Debit Card
25852,50,16,1,Clothing,Stole,EMI
25853,2093,721,5,Furniture,Chairs,Credit Card
25853,39,16,6,Clothing,Skirt,UPI
25853,199,48,4,Clothing,Stole,UPI
25853,26,11,2,Clothing,Hankerchief,UPI
25853,30,14,3,Clothing,Hankerchief,UPI
25853,128,4,3,Clothing,Saree,COD
25853,95,11,4,Furniture,Furnishings,COD
25853,199,6,2,Clothing,Saree,UPI
25853,579,139,3,Electronics,Printers,Debit Card
25854,381,144,2,Clothing,Saree,COD
25854,53,-2,3,Clothing,Saree,Debit Card
25854,149,48,6,Clothing,Stole,COD
25854,76,19,3,Clothing,Hankerchief,COD
25854,88,16,4,Clothing,Stole,Credit Card
25854,342,-154,7,Furniture,Furnishings,Debit Card
25854,40,16,3,Clothing,Hankerchief,COD
25854,436,131,9,Clothing,Hankerchief,UPI
25855,829,19,4,Electronics,Printers,Credit Card
25855,90,17,3,Clothing,Hankerchief,COD
25855,98,12,2,Clothing,Hankerchief,Credit Card
25855,197,73,1,Furniture,Bookcases,COD
25855,61,30,2,Clothing,Hankerchief,UPI
25855,442,31,2,Electronics,Electronic Games,UPI
25855,550,-242,5,Furniture,Furnishings,UPI
25855,1319,567,5,Electronics,Printers,COD
25855,1027,441,8,Clothing,Saree,COD
25856,257,3,2,Clothing,Saree,COD
25856,10,2,2,Clothing,Skirt,COD
25856,48,6,1,Clothing,Saree,COD
25856,74,29,3,Clothing,Stole,EMI
25856,689,90,5,Clothing,Saree,COD
25857,324,39,8,Electronics,Accessories,Credit Card
25857,227,59,2,Furniture,Furnishings,UPI
25857,598,166,4,Furniture,Bookcases,UPI
25858,29,11,4,Clothing,Skirt,COD
25858,245,30,2,Clothing,Saree,COD
25858,223,27,2,Furniture,Bookcases,COD
25858,219,0,1,Clothing,Saree,COD
25858,294,109,7,Electronics,Accessories,EMI
25858,82,13,2,Clothing,Shirt,COD
25858,27,5,2,Clothing,Skirt,COD
25858,22,8,3,Clothing,Hankerchief,COD
25858,2457,665,11,Electronics,Electronic Games,EMI
25859,724,253,2,Furniture,Bookcases,UPI
25860,112,24,3,Clothing,Kurti,COD
25861,44,14,3,Clothing,Hankerchief,Debit Card
25861,216,-83,3,Electronics,Electronic Games,COD
25861,56,18,2,Clothing,Hankerchief,UPI
25861,62,6,5,Clothing,Hankerchief,COD
25861,128,4,3,Clothing,Saree,COD
25861,50,3,2,Clothing,Stole,EMI
25862,121,41,4,Clothing,Stole,EMI
25862,80,3,3,Clothing,Stole,EMI
25862,2061,701,5,Furniture,Bookcases,UPI
25863,189,87,7,Clothing,Stole,COD
25864,100,6,4,Clothing,Stole,COD
25864,27,9,2,Clothing,Hankerchief,COD
25864,22,8,2,Clothing,Leggings,COD
25864,17,5,1,Clothing,Hankerchief,UPI
25865,85,-1,3,Clothing,Saree,Credit Card
25866,51,14,2,Clothing,Stole,COD
25867,240,12,6,Clothing,Kurti,UPI
25867,31,14,3,Clothing,Stole,UPI
25867,163,26,4,Clothing,Shirt,COD
25868,1118,206,2,Furniture,Tables,Credit Card
25868,170,73,2,Electronics,Accessories,UPI
25868,62,-1,1,Electronics,Phones,UPI
25869,86,9,3,Clothing,Saree,COD
25870,845,84,7,Clothing,Saree,Credit Card
25870,10,4,1,Clothing,Kurti,UPI
25870,57,7,3,Furniture,Furnishings,COD
25870,473,-113,9,Clothing,Hankerchief,UPI
25871,118,25,4,Clothing,Hankerchief,Credit Card
25872,57,27,2,Clothing,Shirt,COD
25873,42,12,2,Clothing,Kurti,COD
25873,1275,357,2,Electronics,Phones,UPI
25873,66,12,3,Clothing,Stole,COD
25873,367,73,3,Electronics,Electronic Games,UPI
25873,7,1,1,Clothing,Hankerchief,COD
25874,124,54,5,Clothing,T-shirt,COD
25875,248,8,2,Clothing,Saree,Credit Card
25876,282,14,4,Clothing,Trousers,Debit Card
25877,24,8,2,Clothing,Skirt,Debit Card
25877,269,33,5,Furniture,Chairs,Debit Card
25877,1137,568,2,Clothing,Trousers,EMI
25878,741,267,5,Furniture,Bookcases,COD
25878,719,303,6,Furniture,Chairs,COD
25878,165,46,3,Furniture,Furnishings,COD
25878,46,0,4,Clothing,Leggings,COD
25878,140,15,5,Clothing,Stole,UPI
25878,84,41,3,Clothing,T-shirt,Credit Card
25879,57,-28,2,Clothing,Kurti,COD
25880,108,37,2,Clothing,Stole,Credit Card
25881,2244,247,4,Clothing,Trousers,Credit Card
25881,37,3,3,Clothing,Hankerchief,COD
25881,36,7,3,Clothing,Leggings,Debit Card
25881,26,9,2,Clothing,Leggings,COD
25881,1351,111,6,Electronics,Electronic Games,COD
25881,2115,23,5,Furniture,Chairs,COD
25882,121,19,4,Clothing,Stole,COD
25883,16,-15,4,Clothing,Hankerchief,UPI
25883,127,29,3,Furniture,Furnishings,COD
25883,105,-26,8,Clothing,Leggings,Credit Card
25883,146,42,5,Clothing,Hankerchief,UPI
25883,10,-2,2,Clothing,Leggings,COD
25884,24,2,4,Clothing,Hankerchief,COD
25885,734,248,2,Furniture,Chairs,COD
25885,349,0,7,Clothing,Stole,Credit Card
25885,94,27,2,Clothing,Shirt,Credit Card
25885,394,146,2,Furniture,Bookcases,UPI
25886,502,84,4,Electronics,Phones,COD
25886,89,17,2,Clothing,Stole,UPI
25886,107,37,3,Clothing,Shirt,COD
25886,63,1,4,Clothing,T-shirt,COD
25887,2125,-234,6,Electronics,Printers,EMI
25887,83,6,6,Clothing,Shirt,EMI
25888,646,-213,3,Electronics,Electronic Games,COD
25888,223,4,3,Electronics,Phones,COD
25888,18,2,3,Clothing,Hankerchief,Credit Card
25889,114,11,4,Clothing,T-shirt,Debit Card
25889,119,-43,7,Clothing,Kurti,Credit Card
25889,31,10,1,Clothing,Kurti,COD
25890,465,207,9,Clothing,Saree,COD
25891,121,41,4,Clothing,Stole,UPI
25891,97,36,7,Clothing,Hankerchief,UPI
25891,25,2,2,Clothing,Hankerchief,UPI
25892,139,30,3,Clothing,Shirt,UPI
25893,61,11,3,Clothing,Kurti,COD
25893,355,-114,7,Clothing,Stole,Credit Card
25893,83,12,3,Clothing,Stole,UPI
25893,149,15,3,Clothing,Saree,EMI
25893,372,59,3,Electronics,Printers,UPI
25893,223,62,7,Clothing,Shirt,COD
25893,688,-103,6,Electronics,Accessories,Debit Card
25894,1246,62,3,Furniture,Bookcases,EMI
25895,388,93,2,Furniture,Bookcases,COD
25896,31,-11,3,Clothing,Skirt,UPI
25896,287,-66,6,Clothing,Kurti,COD
25896,190,68,8,Clothing,T-shirt,Credit Card
25896,103,36,2,Clothing,Hankerchief,COD
25896,79,-2,2,Furniture,Furnishings,EMI
25896,42,7,2,Clothing,Kurti,COD
25896,23,4,2,Clothing,Skirt,COD
25897,734,213,6,Electronics,Electronic Games,Credit Card
25897,24,11,5,Clothing,Hankerchief,Debit Card
25897,43,5,3,Clothing,Stole,COD
25897,33,10,3,Clothing,Hankerchief,COD
25898,857,-274,2,Furniture,Tables,COD
25898,33,13,3,Clothing,Leggings,UPI
25898,171,2,2,Electronics,Electronic Games,COD
25898,147,73,3,Clothing,Stole,UPI
25898,53,5,3,Clothing,T-shirt,COD
25898,499,33,4,Clothing,Saree,COD
25898,191,93,4,Clothing,Shirt,UPI
25898,915,-99,3,Furniture,Tables,Debit Card
25899,22,9,2,Clothing,Leggings,Debit Card
25899,43,17,1,Clothing,Saree,COD
25899,28,6,4,Clothing,Skirt,COD
25899,846,9,2,Furniture,Chairs,Debit Card
25900,15,2,1,Clothing,Leggings,Debit Card
25900,210,62,2,Electronics,Phones,COD
25900,140,68,5,Clothing,T-shirt,COD
25901,159,2,3,Furniture,Furnishings,EMI
25901,90,27,2,Clothing,T-shirt,COD
25901,61,28,2,Clothing,Hankerchief,UPI
25901,158,38,3,Clothing,Hankerchief,UPI
25902,268,6,2,Furniture,Bookcases,UPI
25902,79,6,7,Clothing,Saree,COD
25902,154,26,4,Electronics,Accessories,COD
25902,1700,85,3,Clothing,Trousers,COD
25902,802,120,7,Electronics,Accessories,COD
25903,19,8,2,Clothing,Hankerchief,Debit Card
25903,25,11,3,Clothing,Leggings,Debit Card
25903,455,77,8,Electronics,Accessories,COD
25903,336,57,2,Electronics,Phones,COD
25903,37,17,3,Clothing,Hankerchief,Debit Card
25903,74,33,2,Clothing,Shirt,Debit Card
25903,60,-10,2,Furniture,Furnishings,COD
25903,204,-94,4,Clothing,Hankerchief,EMI
25904,83,12,2,Furniture,Chairs,COD
25904,871,131,2,Furniture,Bookcases,UPI
25905,152,50,6,Clothing,Stole,UPI
25906,78,27,3,Clothing,Stole,COD
25907,30,11,5,Clothing,Hankerchief,COD
25908,179,-25,5,Clothing,Kurti,COD
25909,1622,-448,3,Electronics,Phones,EMI
25909,108,22,3,Electronics,Accessories,COD
25909,323,122,5,Electronics,Phones,UPI
25909,168,56,3,Clothing,Saree,COD
25909,12,2,2,Clothing,Skirt,Credit Card
25910,1622,-624,5,Furniture,Tables,Credit Card
25910,259,47,5,Clothing,Hankerchief,Credit Card
25910,685,7,7,Clothing,Trousers,UPI
25910,125,15,5,Clothing,Shirt,EMI
25910,33,1,2,Clothing,Shirt,COD
25910,850,-289,5,Electronics,Electronic Games,COD
25911,40,15,1,Clothing,Kurti,COD
25912,102,11,6,Clothing,T-shirt,COD
25913,103,21,7,Clothing,Stole,UPI
25914,125,22,3,Clothing,Stole,EMI
25914,460,-143,3,Furniture,Chairs,Debit Card
25915,277,3,1,Electronics,Electronic Games,COD
25916,80,-26,9,Clothing,Skirt,EMI
25917,100,12,2,Clothing,T-shirt,UPI
25918,244,-122,5,Furniture,Furnishings,COD
25919,110,12,7,Clothing,Stole,Debit Card
25919,1599,37,6,Electronics,Electronic Games,UPI
25919,28,4,1,Clothing,T-shirt,COD
25919,636,-204,2,Electronics,Printers,Debit Card
25919,977,-244,7,Electronics,Phones,COD
25920,100,7,2,Clothing,T-shirt,UPI
25921,84,-42,2,Electronics,Accessories,COD
25921,170,19,5,Clothing,T-shirt,UPI
25921,71,-44,5,Electronics,Accessories,UPI
25922,52,18,2,Clothing,Stole,COD
25923,3873,-891,6,Electronics,Phones,Credit Card
25923,253,-11,1,Clothing,Trousers,Debit Card
25923,226,58,3,Electronics,Accessories,COD
25923,484,28,3,Electronics,Printers,Debit Card
25924,148,54,2,Furniture,Chairs,UPI
25925,27,12,1,Clothing,Stole,Debit Card
25925,314,-41,3,Electronics,Electronic Games,Credit Card
25925,1228,14,3,Furniture,Chairs,UPI
25926,57,6,5,Clothing,Leggings,Debit Card
25927,200,7,4,Electronics,Electronic Games,Credit Card
25928,122,15,3,Electronics,Accessories,EMI
25928,25,10,1,Furniture,Furnishings,UPI
25929,1308,536,3,Furniture,Bookcases,Credit Card
25929,216,-135,3,Furniture,Chairs,Credit Card
25929,154,-85,3,Furniture,Chairs,EMI
25930,595,119,4,Furniture,Bookcases,COD
25930,151,29,5,Clothing,Hankerchief,EMI
25930,202,89,9,Clothing,T-shirt,EMI
25930,58,17,2,Clothing,Hankerchief,COD
25930,40,13,3,Clothing,T-shirt,COD
25930,351,-94,5,Electronics,Electronic Games,COD
25931,73,-36,3,Furniture,Chairs,UPI
25932,71,-14,4,Furniture,Furnishings,COD
25933,412,412,6,Clothing,Saree,COD
25933,207,-100,2,Clothing,Saree,UPI
25933,81,-44,3,Clothing,Stole,COD
25934,105,33,6,Clothing,Saree,EMI
25935,1657,460,4,Furniture,Chairs,Credit Card
25935,162,20,3,Furniture,Chairs,EMI
25935,150,32,3,Clothing,Hankerchief,COD
25936,61,25,4,Clothing,Saree,UPI
25937,1101,352,3,Furniture,Bookcases,UPI
25938,61,1,2,Furniture,Furnishings,COD
25938,59,25,3,Clothing,Stole,COD
25939,136,41,3,Electronics,Accessories,UPI
25939,61,18,2,Electronics,Accessories,COD
25939,469,33,4,Electronics,Electronic Games,Debit Card
25940,13,3,2,Clothing,Hankerchief,COD
25940,55,4,2,Clothing,Stole,COD
25940,46,0,4,Clothing,Leggings,COD
25941,177,41,4,Clothing,Shirt,Debit Card
25942,646,-23,2,Electronics,Printers,Credit Card
25943,1547,340,6,Electronics,Accessories,EMI
25943,48,20,4,Clothing,Stole,UPI
25943,137,38,5,Clothing,Hankerchief,Debit Card
25943,149,15,3,Clothing,Saree,Debit Card
25943,26,7,4,Clothing,Hankerchief,COD
25944,169,38,3,Clothing,Saree,Debit Card
25945,765,-36,3,Electronics,Electronic Games,COD
25945,63,14,2,Clothing,Shirt,COD
25945,60,3,3,Clothing,Saree,UPI
25945,245,10,2,Furniture,Bookcases,COD
25946,146,7,2,Electronics,Phones,Debit Card
25947,290,35,6,Clothing,Hankerchief,COD
25947,207,33,2,Electronics,Accessories,UPI
25948,152,23,3,Furniture,Furnishings,COD
25949,151,9,3,Clothing,Hankerchief,EMI
25949,140,57,2,Clothing,Trousers,Debit Card
25949,24,11,3,Clothing,Hankerchief,COD
25950,1622,95,5,Electronics,Printers,Credit Card
25950,644,167,2,Electronics,Printers,COD
25950,136,-33,5,Clothing,Saree,COD
25950,261,13,6,Clothing,Shirt,Credit Card
25950,190,19,9,Furniture,Furnishings,Credit Card
25950,133,5,5,Clothing,Stole,UPI
25950,158,-29,10,Clothing,Hankerchief,EMI
25950,54,27,2,Clothing,Stole,COD
25950,13,4,1,Clothing,Leggings,UPI
25951,742,198,2,Furniture,Bookcases,Credit Card
25951,250,100,3,Clothing,Trousers,COD
25951,89,29,2,Clothing,Stole,UPI
25951,120,23,5,Clothing,Stole,COD
25951,111,11,9,Clothing,Hankerchief,Credit Card
25951,102,13,2,Clothing,Stole,Credit Card
25951,248,105,2,Electronics,Phones,Debit Card
25951,50,14,1,Electronics,Electronic Games,COD
25951,40,18,1,Electronics,Accessories,Credit Card
25951,30,5,2,Clothing,Kurti,UPI
25952,14,0,4,Clothing,Hankerchief,UPI
25952,173,69,3,Furniture,Chairs,COD
25952,147,48,3,Clothing,Saree,COD
25952,87,-32,9,Clothing,Skirt,COD
25952,44,14,3,Clothing,Hankerchief,COD
25952,352,18,5,Clothing,Trousers,Debit Card
25952,935,114,4,Electronics,Electronic Games,UPI
25953,744,119,6,Electronics,Printers,COD
25953,67,20,4,Clothing,T-shirt,UPI
25953,81,41,3,Clothing,Stole,Debit Card
25953,188,-193,2,Electronics,Electronic Games,Credit Card
25953,116,22,1,Electronics,Accessories,Credit Card
25953,87,36,5,Clothing,Stole,Credit Card
25953,44,2,3,Clothing,Hankerchief,COD
25953,22,-8,4,Clothing,Hankerchief,Credit Card
25953,1218,352,9,Furniture,Bookcases,EMI
25954,27,0,2,Clothing,Leggings,COD
25954,148,9,1,Electronics,Electronic Games,UPI
25954,146,66,1,Electronics,Phones,UPI
25954,891,0,5,Clothing,Saree,COD
25954,189,60,4,Furniture,Furnishings,Debit Card
25954,48,11,2,Clothing,Shirt,COD
25954,44,10,3,Clothing,Stole,COD
25954,524,-25,2,Electronics,Electronic Games,Debit Card
25955,2927,146,8,Furniture,Bookcases,EMI
25955,39,2,2,Clothing,Saree,Debit Card
25955,54,14,3,Clothing,T-shirt,UPI
25955,294,62,9,Clothing,T-shirt,EMI
25955,110,20,5,Clothing,Stole,Debit Card
25955,200,13,5,Electronics,Phones,COD
25955,45,8,4,Clothing,Skirt,EMI
25955,954,95,3,Electronics,Printers,UPI
25955,1716,309,7,Electronics,Accessories,COD
25956,89,-37,4,Clothing,Shirt,COD
25956,59,10,2,Clothing,Hankerchief,COD
25956,140,28,2,Electronics,Phones,COD
25956,474,56,4,Electronics,Phones,Debit Card
25956,33,10,3,Clothing,Hankerchief,COD
25957,147,73,3,Clothing,Stole,COD
25957,1157,-13,9,Furniture,Bookcases,Credit Card
25957,209,2,1,Clothing,Saree,COD
25958,105,25,2,Clothing,Hankerchief,EMI
25958,360,32,3,Clothing,Saree,UPI
25959,681,259,4,Furniture,Chairs,COD
25959,23,8,2,Clothing,Hankerchief,Debit Card
25959,32,2,2,Clothing,Kurti,UPI
25959,132,49,3,Clothing,Shirt,COD
25959,252,56,2,Electronics,Phones,UPI
25959,82,24,6,Clothing,Hankerchief,EMI
25959,429,17,3,Furniture,Chairs,UPI
25959,637,212,8,Electronics,Phones,Debit Card
25960,171,-140,2,Furniture,Bookcases,EMI
25961,446,53,3,Electronics,Printers,COD
25961,366,84,3,Furniture,Bookcases,COD
25961,48,16,3,Clothing,Shirt,COD
25961,34,-10,3,Clothing,Skirt,COD
25961,34,-12,5,Clothing,Leggings,COD
25961,26,3,3,Clothing,Skirt,UPI
25962,544,-152,3,Furniture,Bookcases,COD
25962,312,62,1,Electronics,Electronic Games,COD
25962,260,68,2,Electronics,Printers,COD
25963,53,8,3,Furniture,Furnishings,UPI
25964,346,108,3,Furniture,Chairs,COD
25964,199,0,4,Clothing,Stole,EMI
25964,89,6,5,Clothing,Saree,COD
25964,1270,546,11,Electronics,Electronic Games,EMI
25965,17,7,3,Clothing,Hankerchief,Debit Card
25966,510,234,6,Electronics,Electronic Games,EMI
25967,17,2,2,Clothing,Skirt,Debit Card
25967,119,-24,4,Furniture,Furnishings,COD
25967,229,59,9,Clothing,Saree,Debit Card
25968,811,154,7,Electronics,Accessories,UPI
25969,171,17,6,Clothing,T-shirt,UPI
25969,720,43,2,Electronics,Printers,UPI
25969,2452,191,7,Furniture,Bookcases,UPI
25970,742,198,2,Furniture,Bookcases,COD
25970,365,107,3,Electronics,Phones,COD
25970,111,9,4,Clothing,Stole,COD
25970,203,84,2,Electronics,Printers,UPI
25971,244,83,2,Furniture,Bookcases,COD
25972,115,47,2,Electronics,Accessories,COD
25973,398,111,8,Clothing,Hankerchief,COD
25973,79,39,2,Clothing,Shirt,Debit Card
25973,39,14,5,Clothing,Leggings,COD
25973,571,108,12,Clothing,Stole,Debit Card
25973,4141,1698,13,Electronics,Printers,COD
25974,662,240,2,Furniture,Bookcases,COD
25975,29,2,3,Clothing,Skirt,COD
25976,193,8,4,Clothing,T-shirt,UPI
25977,27,1,1,Clothing,Stole,UPI
25977,74,29,3,Clothing,Stole,COD
25977,180,54,4,Clothing,T-shirt,Credit Card
25978,341,160,7,Clothing,Stole,Debit Card
25978,1063,-175,4,Electronics,Electronic Games,EMI
25979,284,45,2,Furniture,Bookcases,EMI
25979,82,-27,3,Clothing,Kurti,EMI
25979,57,27,2,Clothing,Shirt,UPI
25979,560,44,3,Clothing,Saree,Debit Card
25979,12,1,2,Clothing,Hankerchief,COD
25980,22,11,3,Clothing,Kurti,COD
25981,867,251,5,Electronics,Phones,COD
25981,54,12,3,Clothing,Saree,Debit Card
25981,62,8,2,Clothing,T-shirt,UPI
25981,48,2,3,Clothing,Stole,COD
25981,245,91,2,Furniture,Bookcases,UPI
25981,42,13,3,Clothing,Leggings,COD
25982,13,3,1,Clothing,Leggings,COD
25983,561,118,5,Furniture,Bookcases,Credit Card
25983,161,-229,8,Furniture,Furnishings,COD
25983,230,5,2,Clothing,Saree,UPI
25983,50,-4,6,Clothing,T-shirt,EMI
25983,32,-12,1,Furniture,Chairs,Credit Card
25984,304,97,6,Clothing,Stole,UPI
25985,32,8,5,Clothing,Hankerchief,UPI
25985,197,20,4,Clothing,Kurti,Credit Card
25985,108,26,4,Clothing,Shirt,UPI
25985,44,11,4,Clothing,Stole,COD
25986,749,-307,7,Furniture,Furnishings,COD
25986,71,4,5,Clothing,Leggings,Debit Card
25986,487,-23,3,Electronics,Printers,Debit Card
25986,918,22,9,Electronics,Electronic Games,COD
25987,299,0,6,Clothing,Stole,COD
25987,88,11,7,Clothing,Hankerchief,UPI
25988,79,-124,9,Clothing,Skirt,COD
25989,42,15,1,Electronics,Accessories,UPI
25989,330,81,1,Furniture,Bookcases,Credit Card
25989,338,41,7,Clothing,Hankerchief,UPI
25989,44,14,3,Clothing,Hankerchief,Credit Card
25989,10,5,1,Clothing,Stole,COD
25990,71,32,3,Clothing,Saree,Debit Card
25991,13,5,2,Clothing,Hankerchief,UPI
25991,188,13,7,Clothing,Shirt,COD
25991,90,30,2,Furniture,Chairs,UPI
25992,141,41,3,Clothing,Shirt,UPI
25993,610,208,3,Electronics,Printers,COD
25993,414,199,3,Electronics,Phones,COD
25993,44,8,2,Clothing,Stole,COD
25993,173,86,1,Electronics,Printers,Debit Card
25993,221,26,7,Furniture,Furnishings,COD
25993,201,32,4,Furniture,Furnishings,UPI
25993,4363,305,5,Furniture,Tables,EMI
25994,196,-7,5,Electronics,Phones,COD
25995,1314,342,3,Furniture,Bookcases,Credit Card
25996,31,2,2,Clothing,Hankerchief,COD
25996,333,50,2,Electronics,Phones,COD
25996,62,6,6,Clothing,Skirt,COD
25996,189,4,1,Clothing,Saree,UPI
25996,47,1,2,Clothing,Stole,COD
25996,286,140,6,Clothing,Shirt,Debit Card
25996,217,72,2,Furniture,Furnishings,COD
25997,231,99,2,Electronics,Electronic Games,Credit Card
25997,48,15,1,Clothing,Hankerchief,COD
25997,16,6,3,Clothing,Hankerchief,COD
25997,2292,127,7,Furniture,Bookcases,COD
25998,50,-28,5,Furniture,Furnishings,COD
25999,223,62,7,Clothing,Shirt,COD
25999,215,-30,2,Clothing,Saree,COD
25999,93,-65,4,Clothing,Stole,UPI
25999,109,40,1,Furniture,Furnishings,COD
25999,152,-3,5,Clothing,Saree,COD
25999,26,-17,1,Clothing,Stole,COD
25999,51,-49,2,Electronics,Electronic Games,COD
25999,129,11,2,Electronics,Phones,UPI
25999,222,74,5,Clothing,Hankerchief,COD
25999,352,74,8,Clothing,Stole,Debit Card
25999,770,323,3,Electronics,Accessories,COD
26000,676,151,3,Electronics,Printers,Credit Card
26000,43,-10,4,Clothing,Skirt,COD
26000,597,93,4,Furniture,Chairs,Debit Card
26001,8,2,2,Clothing,Skirt,UPI
26001,50,-10,6,Clothing,Skirt,Debit Card
26001,149,17,4,Furniture,Furnishings,COD
26001,13,0,2,Clothing,Hankerchief,COD
26002,276,52,5,Clothing,Saree,EMI
26002,71,19,3,Clothing,T-shirt,COD
26002,80,22,3,Clothing,Stole,Debit Card
26002,141,7,7,Clothing,Saree,COD
26002,113,28,2,Clothing,Saree,UPI
26003,1745,122,2,Furniture,Tables,Credit Card
26003,498,-116,4,Clothing,Saree,UPI
26003,315,-8,3,Furniture,Chairs,Credit Card
26003,79,16,3,Clothing,T-shirt,COD
26003,128,47,4,Clothing,Hankerchief,COD
26003,114,41,6,Furniture,Furnishings,COD
26003,652,13,6,Furniture,Furnishings,Debit Card
26003,17,2,2,Clothing,Skirt,UPI
26004,162,73,2,Electronics,Electronic Games,COD
26004,147,44,3,Clothing,Saree,COD
26005,87,10,3,Clothing,Stole,COD
26006,1301,573,5,Electronics,Accessories,Credit Card
26007,311,72,2,Furniture,Bookcases,COD
26008,206,51,4,Clothing,Hankerchief,Credit Card
26008,199,-1,1,Clothing,Saree,Credit Card
26008,57,24,5,Clothing,Leggings,COD
26008,22,4,1,Clothing,Stole,COD
26009,285,128,2,Electronics,Printers,COD
26009,195,12,9,Clothing,Shirt,Credit Card
26010,55,3,3,Clothing,T-shirt,COD
26010,176,-13,5,Furniture,Furnishings,COD
26010,85,13,2,Clothing,Shirt,UPI
26010,527,26,3,Electronics,Electronic Games,COD
26010,29,3,2,Clothing,Stole,COD
26010,18,2,3,Clothing,Hankerchief,COD
26011,93,44,2,Clothing,Stole,Credit Card
26012,199,8,2,Clothing,Saree,COD
26013,29,-10,3,Clothing,Skirt,COD
26014,406,97,7,Furniture,Chairs,Credit Card
26014,278,39,5,Furniture,Chairs,Debit Card
26015,128,55,1,Clothing,Saree,COD
26016,202,4,4,Clothing,Hankerchief,COD
26016,429,61,3,Electronics,Electronic Games,Credit Card
26016,134,-13,3,Electronics,Electronic Games,UPI
26016,74,9,3,Clothing,Shirt,UPI
26017,78,7,1,Furniture,Chairs,COD
26018,61,8,4,Clothing,Hankerchief,Debit Card
26018,326,107,3,Furniture,Furnishings,UPI
26019,585,175,13,Clothing,T-shirt,COD
26020,319,102,6,Electronics,Accessories,Credit Card
26021,21,-12,3,Clothing,Hankerchief,Debit Card
26021,49,21,1,Clothing,Stole,UPI
26021,122,59,7,Furniture,Furnishings,COD
26022,1824,1303,8,Electronics,Phones,Credit Card
26023,66,22,3,Clothing,Stole,UPI
26023,59,21,2,Clothing,Stole,Debit Card
26023,29,0,3,Furniture,Furnishings,COD
26023,1117,447,10,Furniture,Bookcases,EMI
26024,168,18,6,Clothing,Stole,Debit Card
26025,41,19,5,Clothing,Hankerchief,Debit Card
26025,32,1,2,Clothing,Stole,COD
26025,155,5,3,Clothing,Stole,EMI
26026,255,76,9,Clothing,Hankerchief,COD
26026,25,2,3,Clothing,Kurti,Credit Card
26027,54,8,4,Clothing,T-shirt,COD
26028,1272,547,2,Electronics,Phones,COD
26028,115,0,1,Electronics,Accessories,Debit Card
26028,77,36,2,Clothing,Shirt,EMI
26029,21,10,1,Clothing,T-shirt,Debit Card
26030,291,93,2,Electronics,Printers,COD
26030,11,5,1,Clothing,Skirt,COD
26030,50,25,5,Clothing,Stole,COD
26030,89,36,3,Clothing,Shirt,UPI
26030,92,5,6,Clothing,Hankerchief,Credit Card
26030,221,35,4,Electronics,Accessories,Debit Card
26031,67,9,4,Clothing,Leggings,Debit Card
26032,47,15,5,Clothing,Saree,Debit Card
26033,774,170,3,Electronics,Accessories,COD
26033,143,32,1,Furniture,Bookcases,COD
26033,111,35,5,Clothing,Shirt,COD
26034,425,183,5,Electronics,Accessories,UPI
26035,520,151,3,Electronics,Phones,Credit Card
26035,291,119,11,Clothing,Saree,COD
26035,369,15,3,Electronics,Electronic Games,Debit Card
26036,341,44,7,Furniture,Furnishings,UPI
26037,171,68,7,Clothing,Stole,EMI
26038,41,19,2,Clothing,T-shirt,Debit Card
26038,52,14,2,Clothing,Stole,COD
26038,130,61,3,Clothing,Shirt,Debit Card
26038,30,6,1,Clothing,T-shirt,COD
26039,83,34,5,Clothing,Shirt,Debit Card
26040,38,9,2,Clothing,Stole,COD
26040,113,24,4,Clothing,Hankerchief,Debit Card
26040,833,93,3,Clothing,Trousers,UPI
26041,176,-28,5,Furniture,Furnishings,COD
26042,36,15,3,Clothing,Stole,UPI
26043,79,5,6,Clothing,Hankerchief,Debit Card
26043,30,12,3,Clothing,Skirt,UPI
26043,185,48,4,Clothing,Stole,UPI
26043,122,50,7,Clothing,Stole,UPI
26043,62,28,5,Clothing,Hankerchief,UPI
26044,28,-10,3,Clothing,Skirt,COD
26045,376,0,7,Clothing,Stole,Credit Card
26045,302,75,6,Furniture,Furnishings,Debit Card
26045,179,77,1,Clothing,Saree,UPI
26045,27,5,1,Clothing,Stole,UPI
26046,32,3,8,Clothing,Hankerchief,COD
26047,55,12,5,Clothing,Skirt,COD
26048,1461,202,5,Furniture,Tables,EMI
26048,401,13,6,Furniture,Chairs,Credit Card
26048,163,81,2,Electronics,Accessories,COD
26048,1104,209,4,Clothing,Trousers,UPI
26049,100,28,2,Clothing,Hankerchief,UPI
26050,32,6,3,Clothing,Shirt,UPI
26050,487,143,4,Electronics,Phones,EMI
26050,325,32,7,Clothing,T-shirt,COD
26050,79,32,3,Clothing,Saree,Debit Card
26050,166,27,2,Electronics,Accessories,EMI
26050,169,55,4,Clothing,Saree,Debit Card
26050,284,44,6,Clothing,Hankerchief,COD
26050,38,9,2,Clothing,Stole,COD
26050,382,92,2,Electronics,Printers,COD
26051,1337,147,7,Electronics,Printers,Credit Card
26051,490,88,2,Electronics,Accessories,EMI
26051,382,119,2,Clothing,Saree,Credit Card
26051,216,50,4,Clothing,Stole,COD
26051,85,24,10,Clothing,Hankerchief,Debit Card
26051,80,22,3,Clothing,Stole,UPI
26051,669,74,5,Furniture,Bookcases,COD
26051,184,85,6,Clothing,T-shirt,UPI
26051,600,-102,5,Electronics,Electronic Games,Debit Card
26051,676,195,5,Furniture,Bookcases,Debit Card
26052,774,170,3,Electronics,Accessories,COD
26052,78,-28,6,Clothing,Kurti,UPI
26052,145,0,3,Clothing,Saree,UPI
26052,101,16,4,Clothing,T-shirt,COD
26052,148,23,4,Clothing,Kurti,EMI
26052,25,7,2,Clothing,Stole,COD
26052,15,1,1,Clothing,Shirt,COD
26053,594,89,3,Furniture,Bookcases,COD
26053,85,2,6,Clothing,Stole,COD
26053,246,61,2,Furniture,Bookcases,COD
26053,27,6,3,Clothing,Skirt,COD
26053,162,55,3,Clothing,Stole,COD
26053,120,1,1,Furniture,Chairs,COD
26053,93,31,3,Electronics,Accessories,UPI
26053,425,208,7,Clothing,Saree,Debit Card
26053,17,1,2,Clothing,Skirt,Credit Card
26054,246,98,5,Clothing,Hankerchief,COD
26054,156,23,3,Clothing,Stole,COD
26054,88,19,2,Clothing,Shirt,Debit Card
26054,139,21,3,Electronics,Accessories,COD
26054,88,20,2,Clothing,Saree,COD
26054,138,11,5,Clothing,Stole,UPI
26054,139,36,3,Clothing,Stole,COD
26054,559,-174,2,Electronics,Electronic Games,Debit Card
26055,5729,64,14,Furniture,Chairs,EMI
26055,671,114,9,Electronics,Phones,Credit Card
26055,443,11,1,Clothing,Saree,COD
26055,57,7,2,Clothing,Shirt,UPI
26055,227,48,5,Clothing,Stole,COD
26055,213,4,14,Clothing,Shirt,COD
26055,94,27,2,Clothing,T-shirt,COD
26055,1250,-12,2,Electronics,Printers,EMI
26055,1218,-420,8,Furniture,Bookcases,COD
26056,424,161,2,Clothing,Saree,COD
26056,15,6,2,Clothing,Hankerchief,COD
26056,101,11,2,Clothing,Hankerchief,UPI
26056,47,20,7,Clothing,Hankerchief,UPI
26056,70,24,3,Clothing,Stole,UPI
26056,206,18,4,Clothing,Hankerchief,Debit Card
26056,213,-145,3,Furniture,Bookcases,Debit Card
26056,220,40,2,Electronics,Accessories,COD
26056,391,90,6,Electronics,Phones,Debit Card
26056,33,9,2,Clothing,Hankerchief,COD
26056,31,9,2,Clothing,Hankerchief,COD
26056,19,-18,4,Clothing,Kurti,COD
26057,659,-37,2,Furniture,Bookcases,Credit Card
26057,54,8,4,Clothing,T-shirt,Debit Card
26057,224,87,3,Clothing,Trousers,COD
26057,736,346,5,Electronics,Printers,COD
26058,212,97,7,Clothing,Hankerchief,COD
26059,20,6,1,Clothing,T-shirt,COD
26060,382,68,3,Clothing,Saree,COD
26061,965,-68,3,Electronics,Printers,COD
26061,27,8,2,Clothing,T-shirt,Debit Card
26061,206,12,1,Electronics,Printers,Credit Card
26061,109,52,2,Clothing,Stole,UPI
26061,508,203,2,Electronics,Accessories,Debit Card
26061,642,180,5,Clothing,Saree,COD
26062,44,-40,3,Clothing,Stole,COD
26062,50,-17,2,Clothing,Stole,COD
26062,13,-2,1,Clothing,Stole,COD
26063,241,-77,4,Electronics,Electronic Games,COD
26064,61,3,4,Clothing,Hankerchief,COD
26064,75,2,5,Clothing,Leggings,Debit Card
26064,122,38,6,Clothing,T-shirt,Credit Card
26064,179,0,2,Clothing,Saree,Debit Card
26065,146,19,5,Clothing,Stole,COD
26066,86,22,2,Clothing,Saree,Debit Card
26067,1137,-14,7,Electronics,Printers,EMI
26067,1120,199,6,Clothing,Saree,EMI
26067,53,2,4,Clothing,Hankerchief,COD
26067,618,27,4,Furniture,Bookcases,Credit Card
26067,67,2,4,Clothing,T-shirt,UPI
26068,193,33,5,Electronics,Accessories,COD
26069,55,18,2,Clothing,Kurti,COD
26070,582,262,5,Furniture,Furnishings,COD
26070,75,29,1,Clothing,Trousers,UPI
26070,54,12,4,Clothing,Shirt,COD
26070,14,7,2,Clothing,Hankerchief,UPI
26071,21,4,3,Clothing,Hankerchief,Credit Card
26072,313,44,3,Electronics,Electronic Games,COD
26073,37,17,3,Clothing,Hankerchief,Debit Card
26073,122,11,4,Clothing,Hankerchief,COD
26073,290,110,9,Clothing,Stole,UPI
26073,29,9,3,Clothing,Saree,UPI
26073,1514,742,4,Electronics,Printers,EMI
26074,57,21,4,Clothing,Leggings,COD
26075,34,12,2,Clothing,Stole,COD
26076,219,4,2,Clothing,Saree,COD
26076,91,22,2,Clothing,Stole,UPI
26076,133,46,5,Clothing,Shirt,EMI
26076,60,13,2,Clothing,T-shirt,COD
26076,450,-190,4,Furniture,Bookcases,COD
26077,62,11,7,Clothing,Hankerchief,UPI
26078,557,-111,2,Electronics,Electronic Games,COD
26078,44,20,2,Clothing,T-shirt,UPI
26078,137,63,3,Clothing,Stole,COD
26078,17,8,2,Clothing,Skirt,COD
26079,18,3,2,Clothing,Hankerchief,Debit Card
26080,109,35,6,Clothing,T-shirt,COD
26081,24,11,3,Clothing,Hankerchief,Debit Card
26081,169,0,3,Electronics,Accessories,COD
26081,359,-338,5,Furniture,Bookcases,COD
26081,93,-84,3,Clothing,Saree,UPI
26081,79,33,4,Clothing,Stole,UPI
26081,637,50,5,Clothing,Saree,COD
26082,95,5,2,Clothing,Stole,UPI
26083,43,8,3,Clothing,Leggings,COD
26083,45,17,1,Electronics,Accessories,COD
26083,143,6,2,Electronics,Accessories,UPI
26083,145,16,3,Clothing,T-shirt,Debit Card
26083,34,3,3,Clothing,Saree,COD
26084,209,-63,4,Electronics,Electronic Games,COD
26085,1487,624,3,Clothing,Trousers,Credit Card
26085,132,-10,3,Clothing,Saree,COD
26085,86,22,2,Clothing,Saree,COD
26085,40,17,2,Clothing,Stole,COD
26086,762,101,6,Electronics,Printers,COD
26086,25,2,2,Clothing,Hankerchief,Debit Card
26086,43,17,2,Clothing,T-shirt,UPI
26087,180,0,8,Clothing,Stole,COD
26087,311,40,1,Electronics,Electronic Games,EMI
26087,119,56,7,Clothing,Saree,EMI
26087,46,13,3,Clothing,Hankerchief,COD
26087,40,10,2,Clothing,Stole,COD
26088,11,5,2,Clothing,Hankerchief,UPI
26089,27,4,1,Clothing,Hankerchief,COD
26089,59,24,6,Clothing,Kurti,Debit Card
26089,139,14,3,Clothing,Kurti,COD
26090,80,22,3,Clothing,Stole,EMI
26091,29,10,4,Clothing,Hankerchief,UPI
26091,158,69,3,Clothing,Stole,EMI
26091,59,10,4,Clothing,Leggings,COD
26092,97,14,2,Clothing,T-shirt,Credit Card
26093,2847,712,8,Electronics,Printers,Credit Card
26093,852,51,5,Furniture,Bookcases,Credit Card
26093,148,25,3,Clothing,Saree,Debit Card
26093,81,-41,5,Clothing,Leggings,EMI
26093,49,5,4,Clothing,Hankerchief,COD
26093,33,-1,1,Clothing,Saree,Credit Card
26093,492,187,2,Electronics,Accessories,UPI
26094,152,50,6,Clothing,Stole,COD
26095,6,1,1,Clothing,Kurti,UPI
26096,451,25,3,Electronics,Phones,EMI
26096,264,-26,3,Clothing,Trousers,COD
26096,45,9,3,Clothing,Leggings,UPI
26096,88,11,3,Electronics,Accessories,COD
26096,140,56,4,Clothing,Shirt,UPI
26096,103,46,2,Clothing,Saree,Credit Card
26097,663,-212,5,Electronics,Printers,UPI
26097,671,-309,5,Electronics,Electronic Games,COD
26097,185,-26,6,Furniture,Chairs,COD
26097,97,12,2,Clothing,Hankerchief,UPI
26097,39,-18,2,Clothing,Leggings,Credit Card
26097,19,8,2,Clothing,Hankerchief,Credit Card
26097,14,5,1,Clothing,Hankerchief,UPI
26098,96,-48,5,Clothing,Leggings,UPI
26098,409,86,3,Clothing,Saree,COD
26098,46,14,5,Clothing,Skirt,COD
26098,59,15,2,Clothing,T-shirt,UPI
26098,82,8,3,Electronics,Accessories,EMI
26098,497,179,3,Furniture,Chairs,Debit Card
26099,207,37,4,Clothing,Hankerchief,COD
26099,835,267,5,Electronics,Phones,Debit Card
26099,2366,552,5,Clothing,Trousers,UPI
26099,9,3,1,Clothing,Skirt,COD
26100,828,230,2,Furniture,Chairs,COD
26100,34,10,2,Clothing,T-shirt,Debit Card
26100,72,16,2,Clothing,Shirt,COD
